<?xml version="1.0" encoding="utf-8" ?><dwsync><file name="body-bg.jpg" server="ftp.solutiongroup.co.uk//" local="3405063120" remote="11996221772" /><file name="overlap-shapes.jpg" server="ftp.solutiongroup.co.uk//" local="3405062992" remote="11996221772" /><file name="sfmLogo.gif" server="ftp.solutiongroup.co.uk//" local="3405337466" remote="11996221772" /><file name="circle-diagram.gif" server="ftp.solutiongroup.co.uk//" local="3405065269" remote="11996221772" /><file name="globe1.jpg" server="ftp.solutiongroup.co.uk//" local="3405067302" remote="11996221772" /><file name="box-bg.jpg" server="ftp.solutiongroup.co.uk//" local="3405068769" remote="11996221772" /><file name="download.jpg" server="ftp.solutiongroup.co.uk//" local="3405069274" remote="11996221772" /><file name="contact.jpg" server="ftp.solutiongroup.co.uk//" local="3406287003" remote="16291189188" /><file name="development.jpg" server="ftp.solutiongroup.co.uk//" local="3406287311" remote="16291189188" /></dwsync>